"","naive_1_P2TEST","naive_1_P1TEST","snavive_24_P2TEST","snaive_24_P1TEST","snaive_168_P2TEST","snaive_168_P1TEST"
"DM",0.0656047616636089,0.355110057552873,6.32764303317011e-48,5.10432427116646e-86,7.66498620625649e-66,5.6475972683248e-135
